Shipment_ID,Date,Region,Freight_Mode,Distance_KM,Weight_KG,Cases_Shipped,Freight_Cost_INR,Cost_Per_Case_INR,Cost_Per_KM_INR,Transit_Days,Damage_Rate_Pct,On_Time_Pct,CO2_Emission_KG
FR-0001,2024-01-13,East India,3PL Partner,1001,11848,287,34942.17,121.75,34.91,3,2.47,73.5,1541.78
FR-0002,2024-07-14,Central India,Road (Truck),1026,1173,533,3993.39,7.49,3.89,3,1.79,73.9,144.42
FR-0003,2024-02-21,East India,Road (Truck),577,1119,497,1584.91,3.19,2.75,5,0.97,90.5,77.48
FR-0004,2024-03-11,South India,Rail Freight,170,9590,752,2835.49,3.77,16.68,9,2.28,95.7,65.21
FR-0005,2024-07-29,South India,Air Freight,687,8356,140,71846.47,513.19,104.58,1,0.14,70.8,3444.34
FR-0006,2024-12-13,North India,Road (Mini-Truck),419,11536,472,18422.7,39.03,43.97,1,0.89,94.0,725.04
FR-0007,2024-08-24,East India,Road (Truck),330,7301,117,6907.7,59.04,20.93,5,0.6,94.9,289.12
FR-0008,2024-06-19,East India,3PL Partner,827,9111,59,27181.68,460.71,32.87,2,2.49,86.2,979.52
FR-0009,2024-04-13,West India,Road (Mini-Truck),463,9968,736,16209.47,22.02,35.01,1,0.59,70.8,692.28
FR-0010,2024-03-29,West India,Road (Mini-Truck),477,6859,706,14182.86,20.09,29.73,3,1.1,85.5,490.76
FR-0011,2024-10-19,South India,Rail Freight,1104,8782,180,15739.68,87.44,14.26,7,1.27,96.3,387.81
FR-0012,2024-07-06,West India,3PL Partner,754,7954,368,23972.12,65.14,31.79,5,2.4,83.8,779.65
FR-0013,2024-12-14,Central India,Air Freight,751,663,626,6770.67,10.82,9.02,1,0.08,81.0,298.75
FR-0014,2024-04-15,East India,3PL Partner,148,6870,679,3943.32,5.81,26.64,4,1.54,93.8,132.18
FR-0015,2024-12-14,East India,Road (Truck),1094,5024,169,15274.93,90.38,13.96,4,1.34,77.6,659.55
FR-0016,2024-10-09,North India,Rail Freight,947,1137,728,1526.39,2.1,1.61,7,1.15,71.3,43.07
FR-0017,2024-06-26,South India,Air Freight,50,8801,659,5893.02,8.94,117.86,1,0.22,92.5,264.03
FR-0018,2024-07-27,East India,3PL Partner,422,11801,611,13790.35,22.57,32.68,2,2.38,73.2,647.4
FR-0019,2024-04-09,Central India,Road (Truck),749,3821,239,9638.14,40.33,12.87,4,2.06,83.2,343.43
FR-0020,2024-10-06,East India,Road (Truck),871,10452,363,23908.12,65.86,27.45,4,1.87,80.3,1092.44
FR-0021,2024-02-07,North India,3PL Partner,296,5104,776,5220.27,6.73,17.64,4,2.47,89.4,196.4
FR-0022,2024-08-14,Central India,Air Freight,1005,9036,704,110141.74,156.45,109.59,1,0.35,96.2,5448.71
FR-0023,2024-02-27,East India,Road (Truck),564,6634,419,10812.4,25.81,19.17,3,1.34,91.8,448.99
FR-0024,2024-10-09,East India,3PL Partner,910,9519,729,32897.45,45.13,36.15,5,2.19,91.0,1126.1
FR-0025,2024-07-11,West India,3PL Partner,607,4880,602,11399.87,18.94,18.78,2,1.2,88.2,385.08
FR-0026,2024-10-29,Central India,Rail Freight,431,11056,598,5748.59,9.61,13.34,8,0.96,84.3,190.61
FR-0027,2024-04-30,South India,3PL Partner,491,3390,680,4536.73,6.67,9.24,5,1.15,98.1,216.38
FR-0028,2024-11-13,North India,Air Freight,242,5695,667,20404.74,30.59,84.32,1,0.48,72.8,826.91
FR-0029,2024-08-30,South India,Road (Truck),338,10733,546,9716.61,17.8,28.75,2,2.29,80.7,435.33
FR-0030,2024-10-16,East India,Air Freight,1130,9537,253,123407.94,487.78,109.21,1,0.07,81.4,6466.09
FR-0031,2024-02-28,Central India,Air Freight,417,4544,706,22407.04,31.74,53.73,1,0.02,75.7,1136.91
FR-0032,2024-10-06,East India,3PL Partner,505,7690,198,14896.64,75.24,29.5,5,0.41,92.4,504.85
FR-0033,2024-07-25,North India,3PL Partner,442,4430,758,6132.51,8.09,13.87,3,1.09,77.5,254.55
FR-0034,2024-06-15,Central India,Road (Mini-Truck),458,5099,310,9152.23,29.52,19.98,3,0.86,80.6,350.3
FR-0035,2024-06-02,South India,Air Freight,393,1906,614,10547.02,17.18,26.84,1,0.37,86.5,449.43
FR-0036,2024-05-24,West India,Road (Mini-Truck),707,6257,571,14455.83,25.32,20.45,2,1.95,74.6,663.55
FR-0037,2024-08-16,East India,Rail Freight,430,1152,521,649.58,1.25,1.51,7,0.33,91.2,19.81
FR-0038,2024-07-17,East India,3PL Partner,866,7495,666,21106.62,31.69,24.37,4,0.12,82.7,843.79
FR-0039,2024-10-26,East India,Rail Freight,108,9085,523,1261.13,2.41,11.68,6,2.23,77.2,39.25
FR-0040,2024-05-28,North India,Air Freight,1195,892,347,11719.32,33.77,9.81,1,0.14,80.9,639.56
FR-0041,2024-05-17,East India,Road (Mini-Truck),177,4835,244,2899.72,11.88,16.38,2,0.07,73.5,128.37
FR-0042,2024-10-11,Central India,3PL Partner,139,6741,726,3050.58,4.2,21.95,4,1.88,81.9,121.81
FR-0043,2024-03-01,East India,3PL Partner,280,2853,310,2198.65,7.09,7.85,3,0.02,87.3,103.85
FR-0044,2024-03-08,Central India,Road (Truck),719,9619,369,17500.02,47.43,24.34,4,2.43,87.0,829.93
FR-0045,2024-03-07,South India,Road (Truck),785,7096,567,17313.22,30.53,22.06,4,1.03,71.2,668.44
FR-0046,2024-08-11,South India,Rail Freight,1156,4063,603,6810.22,11.29,5.89,4,2.4,94.6,187.87
FR-0047,2024-07-20,West India,Road (Mini-Truck),819,5236,71,18416.0,259.38,22.49,2,0.95,85.2,643.24
FR-0048,2024-10-01,West India,3PL Partner,701,6562,179,16504.51,92.2,23.54,5,2.35,80.5,598.0
FR-0049,2024-02-03,Central India,Rail Freight,124,2745,140,446.9,3.19,3.6,6,0.15,88.7,13.62
FR-0050,2024-02-15,West India,Road (Mini-Truck),77,616,609,143.66,0.24,1.87,2,1.75,97.1,7.11
FR-0051,2024-03-01,East India,Air Freight,567,1499,296,10544.95,35.62,18.6,1,0.21,93.4,509.96
FR-0052,2024-11-18,South India,Air Freight,490,3612,312,20316.75,65.12,41.46,1,0.41,77.1,1061.93
FR-0053,2024-06-09,East India,3PL Partner,1058,3406,75,12910.05,172.13,12.2,2,0.23,87.5,468.46
FR-0054,2024-10-22,West India,Air Freight,416,9497,471,50227.22,106.64,120.74,1,0.24,90.6,2370.45
FR-0055,2024-02-28,East India,Road (Mini-Truck),383,10924,721,17622.94,24.44,46.01,3,1.62,96.3,627.58
FR-0056,2024-06-06,Central India,Rail Freight,318,7109,712,3626.35,5.09,11.4,8,2.4,98.6,90.43
FR-0057,2024-08-26,North India,Rail Freight,1133,10667,217,18435.02,84.95,16.27,6,0.28,87.0,483.43
FR-0058,2024-09-23,North India,Road (Mini-Truck),653,1560,492,4417.62,8.98,6.77,1,1.69,96.7,152.8
FR-0059,2024-06-25,North India,Road (Truck),1081,9711,718,35909.97,50.01,33.22,5,1.66,83.5,1259.71
FR-0060,2024-08-12,East India,Rail Freight,756,2971,345,3686.38,10.69,4.88,6,0.18,97.8,89.84
FR-0061,2024-07-02,Central India,3PL Partner,735,8940,314,23417.92,74.58,31.86,4,0.57,88.3,854.22
FR-0062,2024-10-13,North India,3PL Partner,380,3511,626,4890.84,7.81,12.87,3,1.0,89.1,173.44
FR-0063,2024-02-21,West India,Road (Mini-Truck),757,5079,787,14936.81,18.98,19.73,1,0.9,89.9,576.72
FR-0064,2024-02-12,East India,Road (Truck),234,11868,160,8069.6,50.44,34.49,6,1.85,88.2,333.25
FR-0065,2024-04-19,South India,3PL Partner,245,1734,740,1441.88,1.95,5.89,3,1.77,82.5,55.23
FR-0066,2024-11-18,Central India,Rail Freight,781,11163,533,10414.41,19.54,13.33,6,0.51,74.0,348.73
FR-0067,2024-05-11,East India,Air Freight,550,8048,581,51261.03,88.23,93.2,1,0.43,73.4,2655.84
FR-0068,2024-08-08,Central India,Rail Freight,317,4422,201,2124.28,10.57,6.7,6,1.7,88.1,56.07
FR-0069,2024-02-09,North India,Air Freight,929,11786,665,127251.94,191.36,136.98,1,0.21,82.5,6569.52
FR-0070,2024-03-19,South India,Road (Truck),859,5057,373,11993.15,32.15,13.96,3,1.16,96.6,521.28
FR-0071,2024-04-30,Central India,Rail Freight,625,8144,522,7320.35,14.02,11.71,4,1.36,97.2,203.6
FR-0072,2024-09-15,Central India,Rail Freight,910,5847,67,6698.71,99.98,7.36,5,0.66,70.3,212.83
FR-0073,2024-08-18,West India,Road (Mini-Truck),1095,8019,553,34270.2,61.97,31.3,2,1.54,83.6,1317.12
FR-0074,2024-03-04,East India,Rail Freight,712,1182,103,1309.0,12.71,1.84,8,0.2,70.4,33.66
FR-0075,2024-01-28,Central India,Rail Freight,655,7918,780,7995.3,10.25,12.21,7,1.25,88.5,207.45
FR-0076,2024-06-21,Central India,Road (Truck),201,7675,774,4992.0,6.45,24.84,6,2.08,81.9,185.12
FR-0077,2024-03-05,South India,Air Freight,973,10484,598,136995.29,229.09,140.8,1,0.17,84.6,6120.56
FR-0078,2024-04-27,West India,3PL Partner,518,2112,439,3262.83,7.43,6.3,2,1.45,77.7,142.22
FR-0079,2024-04-06,North India,Rail Freight,269,6818,757,2991.75,3.95,11.12,5,2.02,96.2,73.36
FR-0080,2024-11-14,East India,Road (Truck),935,3382,666,9323.24,14.0,9.97,2,2.09,93.9,379.46
FR-0081,2024-03-19,South India,Road (Truck),133,11816,709,3762.48,5.31,28.29,5,0.89,90.3,188.58
FR-0082,2024-02-18,South India,Road (Mini-Truck),724,3073,184,8049.29,43.75,11.12,1,1.67,84.6,333.73
FR-0083,2024-12-13,North India,3PL Partner,1049,11119,155,34498.44,222.57,32.89,4,0.92,95.6,1516.3
FR-0084,2024-02-19,South India,3PL Partner,580,9447,259,15829.08,61.12,27.29,4,0.45,93.8,712.3
FR-0085,2024-01-31,East India,3PL Partner,122,701,50,290.28,5.81,2.38,5,1.49,73.1,11.12
FR-0086,2024-07-08,West India,Air Freight,951,6283,439,67170.61,153.01,70.63,1,0.47,78.8,3585.08
FR-0087,2024-03-23,Central India,Rail Freight,53,6941,90,496.17,5.51,9.36,9,0.14,95.3,14.71
FR-0088,2024-07-25,West India,Rail Freight,1127,6599,776,11871.38,15.3,10.53,4,0.97,88.9,297.48
FR-0089,2024-05-15,North India,3PL Partner,913,8778,295,30615.98,103.78,33.53,3,2.05,84.2,1041.86
FR-0090,2024-12-09,East India,Road (Truck),648,3391,582,5485.63,9.43,8.47,3,0.98,74.4,263.68
FR-0091,2024-10-19,Central India,Air Freight,673,4385,241,30448.76,126.34,45.24,1,0.12,83.8,1770.66
FR-0092,2024-04-21,North India,Road (Truck),423,608,554,798.03,1.44,1.89,2,0.94,72.5,30.86
FR-0093,2024-06-26,South India,Road (Mini-Truck),1002,3027,642,12871.85,20.05,12.85,4,0.88,87.4,454.96
FR-0094,2024-03-31,West India,3PL Partner,456,6015,505,7945.54,15.73,17.42,5,0.59,96.7,356.57
FR-0095,2024-07-09,East India,Air Freight,159,6599,716,14509.12,20.26,91.25,1,0.19,73.1,629.54
FR-0096,2024-03-03,West India,3PL Partner,995,5587,357,15168.79,42.49,15.25,5,1.74,78.8,722.68
FR-0097,2024-11-08,South India,Road (Truck),879,11814,610,26651.6,43.69,30.32,5,0.29,91.6,1246.14
FR-0098,2024-06-14,Central India,3PL Partner,985,10299,217,35490.49,163.55,36.03,4,1.92,91.5,1318.79
FR-0099,2024-03-22,Central India,Road (Mini-Truck),1017,3055,391,9411.51,24.07,9.25,4,0.26,82.6,466.04
FR-0100,2024-06-16,South India,Road (Mini-Truck),781,5946,505,18666.66,36.96,23.9,4,2.26,83.3,696.57
FR-0101,2024-04-04,South India,3PL Partner,154,578,261,344.99,1.32,2.24,3,0.91,92.2,11.57
FR-0102,2024-04-29,South India,Road (Mini-Truck),293,1531,411,1435.41,3.49,4.9,1,1.87,71.4,67.29
FR-0103,2024-06-19,West India,Rail Freight,496,7030,625,5217.36,8.35,10.52,7,1.83,77.2,139.48
FR-0104,2024-11-15,North India,Air Freight,1019,7742,645,113704.5,176.29,111.58,1,0.39,85.3,4733.46
FR-0105,2024-09-07,West India,Road (Mini-Truck),828,3975,115,10495.09,91.26,12.68,1,1.58,83.2,493.69
FR-0106,2024-08-03,West India,Road (Mini-Truck),773,10859,415,29593.59,71.31,38.28,3,0.02,85.8,1259.1
FR-0107,2024-01-03,Central India,Air Freight,958,10419,458,112195.46,244.97,117.11,1,0.3,92.4,5988.84
FR-0108,2024-12-10,East India,3PL Partner,851,2581,582,5994.32,10.3,7.04,5,1.31,97.7,285.54
FR-0109,2024-12-20,Central India,Air Freight,693,4315,148,37264.08,251.78,53.77,1,0.28,76.9,1794.18
FR-0110,2024-08-15,South India,3PL Partner,631,11631,81,21973.1,271.27,34.82,4,0.04,91.8,954.09
FR-0111,2024-07-24,West India,Road (Truck),511,3958,700,5466.03,7.81,10.7,3,1.97,76.2,242.7
FR-0112,2024-04-09,East India,Rail Freight,1167,2964,174,4918.84,28.27,4.21,8,0.44,91.2,138.36
FR-0113,2024-09-03,South India,Road (Mini-Truck),1077,5239,696,23855.44,34.28,22.15,3,1.88,78.9,846.36
FR-0114,2024-07-03,North India,Air Freight,57,3331,197,2150.54,10.92,37.73,1,0.27,78.9,113.92
FR-0115,2024-07-07,East India,Road (Truck),922,3817,670,11126.33,16.61,12.07,2,0.14,86.0,422.31
FR-0116,2024-11-16,West India,3PL Partner,483,5624,640,10171.8,15.89,21.06,3,2.17,90.2,353.13
FR-0117,2024-09-26,South India,Road (Mini-Truck),108,4862,533,2185.84,4.1,20.24,1,1.44,91.4,78.76
FR-0118,2024-03-26,South India,Air Freight,323,3002,207,11094.86,53.6,34.35,1,0.27,85.6,581.79
FR-0119,2024-08-16,Central India,Rail Freight,294,10479,221,4568.94,20.67,15.54,7,1.0,73.5,123.23
FR-0120,2024-10-15,North India,Road (Mini-Truck),982,5690,204,23070.58,113.09,23.49,4,1.69,75.1,838.14
FR-0121,2024-01-22,East India,Rail Freight,174,1481,94,325.18,3.46,1.87,8,0.59,70.9,10.31
FR-0122,2024-10-23,East India,Air Freight,984,9391,677,98246.51,145.12,99.84,1,0.27,77.4,5544.45
FR-0123,2024-10-27,East India,Road (Mini-Truck),971,502,476,1472.68,3.09,1.52,1,1.29,88.6,73.12
FR-0124,2024-07-06,Central India,3PL Partner,639,6736,496,15075.57,30.39,23.59,2,0.85,83.5,559.56
FR-0125,2024-11-23,North India,Air Freight,713,2364,71,23653.26,333.14,33.17,1,0.03,94.3,1011.32
FR-0126,2024-08-19,South India,Air Freight,679,2168,278,20180.22,72.59,29.72,1,0.48,78.1,883.24
FR-0127,2024-06-11,North India,Rail Freight,466,2184,262,1730.65,6.61,3.71,8,0.38,92.9,40.71
FR-0128,2024-09-15,East India,3PL Partner,684,965,196,2043.16,10.42,2.99,3,1.41,84.4,85.81
FR-0129,2024-10-24,East India,3PL Partner,1137,10271,548,34017.66,62.08,29.92,5,1.18,80.6,1518.16
FR-0130,2024-11-07,North India,Road (Truck),319,3698,683,3020.17,4.42,9.47,2,1.15,78.2,141.56
FR-0131,2024-07-29,North India,Air Freight,990,11908,576,161882.43,281.05,163.52,1,0.33,85.7,7073.35
FR-0132,2024-04-27,Central India,Rail Freight,118,3573,290,646.19,2.23,5.48,5,0.11,84.9,16.86
FR-0133,2024-12-23,East India,Road (Mini-Truck),606,1810,381,4593.4,12.06,7.58,2,0.58,81.6,164.53
FR-0134,2024-01-03,South India,Road (Mini-Truck),1072,6905,431,27028.93,62.71,25.21,2,0.05,95.3,1110.32
FR-0135,2024-04-11,Central India,Rail Freight,483,10483,576,6282.26,10.91,13.01,5,0.57,89.7,202.53
FR-0136,2024-10-07,North India,Road (Truck),61,7960,693,1383.77,2.0,22.68,5,1.06,94.4,58.27
FR-0137,2024-09-21,North India,Road (Mini-Truck),933,8113,732,27168.61,37.12,29.12,3,1.12,86.0,1135.41
FR-0138,2024-05-23,South India,Air Freight,499,6195,68,40551.13,596.34,81.26,1,0.4,74.1,1854.78
FR-0139,2024-11-26,West India,Air Freight,300,9020,139,28360.17,204.03,94.53,1,0.05,74.2,1623.6
FR-0140,2024-08-24,West India,Road (Truck),87,4025,515,1005.51,1.95,11.56,5,2.05,76.3,42.02
FR-0141,2024-04-22,North India,Road (Mini-Truck),111,1518,645,696.28,1.08,6.27,3,1.01,88.7,25.27
FR-0142,2024-01-13,North India,Road (Mini-Truck),780,2063,716,4965.8,6.94,6.37,2,0.79,79.6,241.37
FR-0143,2024-05-11,West India,Air Freight,79,1602,379,1500.36,3.96,18.99,1,0.47,81.9,75.93
FR-0144,2024-09-17,North India,3PL Partner,72,8479,479,1978.78,4.13,27.48,3,1.61,93.4,79.36
FR-0145,2024-08-04,North India,Air Freight,354,10808,210,43919.69,209.14,124.07,1,0.23,97.7,2295.62
FR-0146,2024-09-23,East India,Rail Freight,364,6927,108,4341.59,40.2,11.93,4,2.44,86.6,100.86
FR-0147,2024-03-11,North India,3PL Partner,1078,5816,684,22392.8,32.74,20.77,5,1.08,98.8,815.05
FR-0148,2024-04-25,North India,Road (Truck),628,1073,534,2341.2,4.38,3.73,4,2.18,88.1,80.86
FR-0149,2024-08-24,South India,Road (Mini-Truck),476,9293,155,14463.82,93.31,30.39,4,1.68,91.8,663.52
FR-0150,2024-10-18,South India,Air Freight,387,8658,146,46233.47,316.67,119.47,1,0.35,74.1,2010.39
FR-0151,2024-09-18,South India,Rail Freight,596,5493,275,4923.38,17.9,8.26,9,0.48,79.9,130.95
FR-0152,2024-04-16,Central India,Road (Mini-Truck),279,4923,64,4891.0,76.42,17.53,4,1.74,80.6,206.03
FR-0153,2024-10-07,East India,3PL Partner,1053,11897,254,42655.83,167.94,40.51,5,2.16,98.7,1628.58
FR-0154,2024-09-02,North India,Road (Mini-Truck),751,7542,638,24497.03,38.4,32.62,3,0.94,98.7,849.61
FR-0155,2024-01-05,North India,Air Freight,994,4757,714,63092.6,88.36,63.47,1,0.46,87.6,2837.07
FR-0156,2024-11-23,South India,Road (Truck),867,2096,95,5070.65,53.38,5.85,6,0.54,96.8,218.07
FR-0157,2024-09-17,North India,Road (Truck),1157,3060,111,9788.49,88.18,8.46,5,1.48,87.4,424.85
FR-0158,2024-10-17,North India,Rail Freight,1020,7799,720,12617.49,17.52,12.37,9,0.86,91.3,318.2
FR-0159,2024-03-06,Central India,Road (Mini-Truck),114,3033,417,1234.1,2.96,10.83,3,0.9,75.4,51.86
FR-0160,2024-03-23,North India,Road (Mini-Truck),197,11719,418,6869.82,16.43,34.87,4,1.2,98.7,346.3
FR-0161,2024-12-28,West India,3PL Partner,653,11074,598,25080.39,41.94,38.41,3,0.4,72.2,940.07
FR-0162,2024-06-19,South India,3PL Partner,955,4017,761,10499.17,13.8,10.99,4,1.46,79.5,498.71
FR-0163,2024-12-13,West India,Road (Truck),1161,5282,68,21118.95,310.57,18.19,3,1.76,96.7,735.89
FR-0164,2024-08-10,Central India,Road (Mini-Truck),662,8344,326,23977.02,73.55,36.22,1,1.4,97.6,828.56
FR-0165,2024-02-20,West India,Road (Truck),640,6450,244,14167.05,58.06,22.14,6,0.54,74.3,495.36
FR-0166,2024-06-04,East India,Air Freight,832,11585,500,142576.69,285.15,171.37,1,0.38,94.8,5783.23
FR-0167,2024-03-15,East India,Air Freight,128,6396,163,11780.35,72.27,92.03,1,0.41,72.9,491.21
FR-0168,2024-01-17,South India,Road (Truck),74,3780,647,948.46,1.47,12.82,6,1.42,93.1,33.57
FR-0169,2024-12-21,South India,Air Freight,346,6587,488,33834.31,69.33,97.79,1,0.45,87.4,1367.46
FR-0170,2024-01-04,North India,Road (Mini-Truck),542,7579,661,17971.31,27.19,33.16,3,0.37,73.0,616.17
FR-0171,2024-09-12,West India,3PL Partner,786,7273,187,18034.96,96.44,22.95,3,1.83,81.5,743.16
FR-0172,2024-06-07,West India,Rail Freight,658,5831,242,6285.84,25.97,9.55,5,2.14,81.8,153.47
FR-0173,2024-10-13,East India,3PL Partner,381,7602,93,11457.32,123.2,30.07,5,0.36,79.0,376.53
FR-0174,2024-11-12,East India,3PL Partner,806,1345,573,3367.34,5.88,4.18,2,0.26,94.7,140.93
FR-0175,2024-05-22,North India,Rail Freight,167,11473,336,2830.05,8.42,16.95,5,1.08,74.0,76.64
FR-0176,2024-03-01,West India,Rail Freight,1023,5338,128,8664.16,67.69,8.47,9,2.23,86.9,218.43
FR-0177,2024-06-30,South India,Road (Truck),778,985,570,2625.64,4.61,3.37,6,1.93,79.8,91.96
FR-0178,2024-03-29,North India,Road (Truck),1068,7143,112,24531.57,219.03,22.97,3,2.21,78.8,915.45
FR-0179,2024-06-30,East India,Road (Truck),663,9427,375,20087.4,53.57,30.3,3,2.28,73.5,750.01
FR-0180,2024-02-13,South India,Air Freight,761,9620,570,102529.37,179.88,134.73,1,0.4,71.3,4392.49
FR-0181,2024-10-06,East India,Rail Freight,72,10372,492,1245.34,2.53,17.3,8,0.4,72.0,29.87
FR-0182,2024-08-26,South India,Air Freight,1101,9278,487,140880.27,289.28,127.96,1,0.12,86.7,6129.05
FR-0183,2024-12-16,South India,Air Freight,567,9544,56,74364.84,1327.94,131.15,1,0.45,90.7,3246.87
FR-0184,2024-01-05,South India,Rail Freight,546,3312,506,2201.54,4.35,4.03,5,0.95,97.6,72.33
FR-0185,2024-04-02,East India,Air Freight,854,6220,507,78442.63,154.72,91.85,1,0.28,70.5,3187.13
FR-0186,2024-02-10,North India,Road (Mini-Truck),1142,1964,329,7083.0,21.53,6.2,1,1.18,93.0,336.43
FR-0187,2024-05-27,North India,3PL Partner,878,5711,109,17225.2,158.03,19.62,5,1.31,90.1,651.85
FR-0188,2024-07-28,South India,3PL Partner,921,2785,408,7374.55,18.07,8.01,2,0.37,81.3,333.45
FR-0189,2024-04-04,South India,Rail Freight,332,685,120,301.84,2.52,0.91,8,2.48,81.6,9.1
FR-0190,2024-01-10,North India,Air Freight,140,2037,534,3128.95,5.86,22.35,1,0.44,88.9,171.11
FR-0191,2024-03-15,East India,Air Freight,229,8135,325,24603.53,75.7,107.44,1,0.07,72.2,1117.75
FR-0192,2024-04-14,North India,Air Freight,1135,2657,348,35064.17,100.76,30.89,1,0.0,86.1,1809.42
FR-0193,2024-02-25,Central India,Air Freight,1124,10409,552,128255.48,232.35,114.11,1,0.09,90.8,7019.83
FR-0194,2024-07-12,East India,3PL Partner,399,1528,193,2169.39,11.24,5.44,5,1.67,81.5,79.26
FR-0195,2024-07-03,West India,3PL Partner,546,3469,325,5888.05,18.12,10.78,3,1.1,98.5,246.23
FR-0196,2024-12-10,West India,Road (Mini-Truck),277,8761,483,10475.49,21.69,37.82,3,1.55,79.2,364.02
FR-0197,2024-10-26,Central India,Rail Freight,796,3158,754,3066.53,4.07,3.85,5,2.29,88.2,100.55
FR-0198,2024-11-18,East India,Air Freight,490,5486,239,31404.11,131.4,64.09,1,0.44,70.6,1612.88
FR-0199,2024-07-07,North India,Road (Truck),425,3257,57,3383.46,59.36,7.96,5,1.54,88.0,166.11
FR-0200,2024-12-12,North India,Rail Freight,546,10453,113,8797.25,77.85,16.11,7,1.3,94.3,228.29
FR-0201,2024-09-19,North India,3PL Partner,495,1263,433,2490.53,5.75,5.03,4,2.18,72.1,81.27
FR-0202,2024-05-10,South India,3PL Partner,273,3983,427,4129.8,9.67,15.13,2,1.7,76.6,141.36
FR-0203,2024-04-16,West India,3PL Partner,941,3004,185,11291.69,61.04,12.0,4,1.75,90.7,367.48
FR-0204,2024-12-04,Central India,Road (Truck),812,10376,602,22076.05,36.67,27.19,3,0.07,89.7,1011.04
FR-0205,2024-09-03,Central India,3PL Partner,357,8750,770,10877.5,14.13,30.47,3,0.57,82.3,406.09
FR-0206,2024-11-06,West India,Road (Truck),332,9081,167,8249.33,49.4,24.85,6,1.2,92.9,361.79
FR-0207,2024-05-27,West India,Rail Freight,422,7362,678,3974.65,5.86,9.42,4,0.56,89.0,124.27
FR-0208,2024-07-24,West India,3PL Partner,1182,4467,757,16271.45,21.49,13.77,5,0.27,80.7,686.4
FR-0209,2024-12-03,North India,Road (Mini-Truck),343,6995,333,9032.32,27.12,26.33,1,0.12,72.9,359.89
FR-0210,2024-07-13,North India,Road (Truck),576,3074,487,5075.85,10.42,8.81,4,2.12,97.8,212.47
FR-0211,2024-01-31,East India,Road (Mini-Truck),612,679,66,1575.0,23.86,2.57,4,2.14,92.4,62.33
FR-0212,2024-08-15,North India,Road (Truck),955,10552,472,33276.41,70.5,34.84,3,1.45,95.6,1209.26
FR-0213,2024-04-30,Central India,Air Freight,716,2867,52,22740.45,437.32,31.76,1,0.22,96.5,1231.66
FR-0214,2024-05-12,Central India,Road (Mini-Truck),1088,9175,380,34575.46,90.99,31.78,3,2.09,80.4,1497.36
FR-0215,2024-03-10,North India,Rail Freight,489,5540,768,4072.41,5.3,8.33,8,0.57,72.0,108.36
FR-0216,2024-10-18,North India,3PL Partner,688,5865,295,11660.47,39.53,16.95,5,2.18,85.1,524.57
FR-0217,2024-11-06,South India,Road (Truck),330,1796,116,1557.82,13.43,4.72,4,1.37,96.9,71.12
FR-0218,2024-06-06,South India,Rail Freight,1041,9690,736,12677.69,17.23,12.18,9,2.03,97.8,403.49
FR-0219,2024-01-30,South India,Air Freight,1095,2556,771,34402.27,44.62,31.42,1,0.31,85.0,1679.29
FR-0220,2024-02-06,North India,3PL Partner,1063,2017,79,8496.69,107.55,7.99,2,1.58,76.6,278.73
FR-0221,2024-11-11,South India,Rail Freight,1031,1765,730,2485.05,3.4,2.41,5,0.21,70.4,72.79
FR-0222,2024-03-06,East India,3PL Partner,944,11781,701,38184.59,54.47,40.45,3,2.32,98.9,1445.76
FR-0223,2024-11-16,West India,Road (Mini-Truck),553,8597,572,15511.64,27.12,28.05,1,2.43,89.0,713.12
FR-0224,2024-11-23,Central India,3PL Partner,1050,3311,608,13580.32,22.34,12.93,3,0.91,90.5,451.95
FR-0225,2024-07-31,Central India,Road (Mini-Truck),715,4520,776,11968.46,15.42,16.74,1,1.56,75.9,484.77
FR-0226,2024-12-22,North India,Road (Mini-Truck),346,2356,678,2820.45,4.16,8.15,2,1.93,72.7,122.28
FR-0227,2024-07-05,West India,Road (Mini-Truck),1049,10506,122,46499.9,381.15,44.33,2,1.52,89.5,1653.12
FR-0228,2024-09-22,East India,Road (Mini-Truck),619,5998,502,12628.81,25.16,20.4,2,1.75,70.2,556.91
FR-0229,2024-11-22,West India,3PL Partner,706,11320,604,30639.49,50.73,43.4,5,1.68,89.3,1038.95
FR-0230,2024-02-15,South India,Road (Truck),427,2469,309,2914.64,9.43,6.83,4,2.11,77.4,126.51
FR-0231,2024-12-15,East India,Air Freight,343,2827,177,10913.15,61.66,31.82,1,0.23,97.0,581.8
FR-0232,2024-08-21,Central India,Rail Freight,784,5617,546,5424.28,9.93,6.92,6,1.04,86.5,176.15
FR-0233,2024-12-16,West India,Air Freight,415,11602,159,65775.9,413.68,158.5,1,0.29,92.0,2888.9
FR-0234,2024-05-17,West India,Road (Mini-Truck),478,3979,662,7767.53,11.73,16.25,4,1.18,98.4,285.29
FR-0235,2024-04-22,South India,Road (Truck),150,2115,651,1019.88,1.57,6.8,6,1.71,72.3,38.07
FR-0236,2024-04-12,Central India,Road (Mini-Truck),285,1738,540,2126.9,3.94,7.46,2,0.18,80.6,74.3
FR-0237,2024-02-20,Central India,3PL Partner,83,6740,385,1612.27,4.19,19.42,3,1.37,82.7,72.72
FR-0238,2024-03-08,North India,Air Freight,791,2676,710,26148.56,36.83,33.06,1,0.3,86.7,1270.03
FR-0239,2024-08-24,West India,3PL Partner,601,4411,83,9068.64,109.26,15.09,3,1.17,76.4,344.63
FR-0240,2024-08-31,East India,Air Freight,456,972,410,4981.65,12.15,10.92,1,0.34,78.0,265.94
FR-0241,2024-06-04,West India,3PL Partner,597,6534,369,14861.11,40.27,24.89,3,1.21,80.7,507.1
FR-0242,2024-05-16,Central India,Road (Mini-Truck),697,6925,252,14629.95,58.06,20.99,3,0.49,98.4,724.01
FR-0243,2024-04-29,West India,Road (Mini-Truck),933,2854,619,8295.94,13.4,8.89,1,2.48,89.9,399.42
FR-0244,2024-11-13,East India,Air Freight,876,5651,393,67564.91,171.92,77.13,1,0.45,83.4,2970.17
FR-0245,2024-02-29,South India,Road (Truck),363,5962,491,5735.84,11.68,15.8,3,2.39,81.5,259.7
FR-0246,2024-02-13,Central India,Rail Freight,451,11901,709,8312.61,11.72,18.43,7,1.73,75.7,214.69
FR-0247,2024-12-30,West India,3PL Partner,515,10012,361,18349.76,50.83,35.63,2,1.06,91.1,670.3
FR-0248,2024-01-19,North India,Road (Truck),857,671,558,1407.7,2.52,1.64,5,1.72,96.3,69.01
FR-0249,2024-10-10,North India,Road (Truck),236,8463,59,5756.29,97.56,24.39,5,2.1,84.9,239.67
FR-0250,2024-04-07,South India,3PL Partner,739,8588,337,22253.77,66.03,30.11,3,1.87,92.5,825.05
FR-0251,2024-01-30,East India,Rail Freight,243,6451,381,2179.16,5.72,8.97,4,0.73,94.7,62.7
FR-0252,2024-02-25,North India,Road (Mini-Truck),1055,8967,792,30888.94,39.0,29.28,3,1.19,93.0,1419.03
FR-0253,2024-01-02,East India,3PL Partner,983,3660,603,11125.88,18.45,11.32,2,2.33,91.9,467.71
FR-0254,2024-12-16,East India,3PL Partner,447,11467,304,18686.71,61.47,41.8,5,1.25,71.2,666.35
FR-0255,2024-05-04,South India,Air Freight,515,6662,351,48544.58,138.3,94.26,1,0.44,79.7,2058.56
FR-0256,2024-04-28,Central India,Rail Freight,491,1416,657,1019.84,1.55,2.08,8,2.45,74.0,27.81
FR-0257,2024-11-06,South India,Rail Freight,1000,5042,80,7263.15,90.79,7.26,9,0.97,80.8,201.68
FR-0258,2024-06-16,Central India,Rail Freight,403,6746,771,3764.7,4.88,9.34,4,2.39,93.0,108.75
FR-0259,2024-03-13,North India,Road (Truck),1120,9741,310,29701.03,95.81,26.52,2,0.6,97.5,1309.19
FR-0260,2024-04-07,West India,Road (Mini-Truck),926,666,794,2526.98,3.18,2.73,4,0.53,74.9,92.51
FR-0261,2024-11-24,South India,Road (Mini-Truck),974,1243,758,4981.29,6.57,5.11,2,1.59,78.0,181.6
FR-0262,2024-08-31,West India,3PL Partner,793,6936,433,18166.42,41.95,22.91,5,0.92,77.0,715.03
FR-0263,2024-04-19,South India,Road (Mini-Truck),379,1969,603,3153.02,5.23,8.32,3,1.72,75.4,111.94
FR-0264,2024-12-20,South India,Rail Freight,178,8842,308,1874.35,6.09,10.53,8,1.53,75.6,62.96
FR-0265,2024-05-30,West India,Road (Mini-Truck),154,7148,786,4498.27,5.72,29.21,1,1.51,82.5,165.12
FR-0266,2024-05-08,West India,Road (Mini-Truck),629,8623,728,16699.53,22.94,26.55,4,1.92,88.3,813.58
FR-0267,2024-12-19,West India,Rail Freight,996,1474,185,1925.81,10.41,1.93,5,0.17,80.9,58.72
FR-0268,2024-08-05,West India,3PL Partner,1125,7954,763,27504.24,36.05,24.45,2,0.15,87.2,1163.27
FR-0269,2024-08-08,East India,Road (Truck),402,9004,736,9502.68,12.91,23.64,3,2.5,93.4,434.35
FR-0270,2024-10-11,East India,3PL Partner,777,3200,439,9540.42,21.73,12.28,2,1.86,81.6,323.23
FR-0271,2024-06-05,North India,3PL Partner,642,7940,314,17815.66,56.74,27.75,2,2.26,79.8,662.67
FR-0272,2024-03-25,North India,Air Freight,1136,7661,316,89039.8,281.77,78.38,1,0.48,87.0,5221.74
FR-0273,2024-04-15,South India,3PL Partner,521,5624,378,11047.21,29.23,21.2,4,0.55,98.2,380.91
FR-0274,2024-04-22,East India,Road (Truck),990,8367,720,28571.58,39.68,28.86,4,2.35,98.9,994.0
FR-0275,2024-10-28,South India,Rail Freight,832,7929,741,11466.98,15.48,13.78,4,1.69,92.1,263.88
FR-0276,2024-08-15,Central India,Road (Truck),584,6539,93,11215.74,120.6,19.21,5,1.93,77.0,458.25
FR-0277,2024-08-09,West India,Road (Mini-Truck),509,10546,75,22015.93,293.55,43.25,2,0.63,87.7,805.19
FR-0278,2024-05-06,West India,Road (Mini-Truck),553,1991,418,3684.57,8.81,6.66,4,0.05,74.3,165.15
FR-0279,2024-11-21,Central India,Rail Freight,1020,5950,116,8162.52,70.37,8.0,7,0.54,91.0,242.76
FR-0280,2024-07-05,West India,Rail Freight,740,981,449,1200.54,2.67,1.62,6,1.22,75.8,29.04
FR-0281,2024-09-14,Central India,Road (Truck),980,6542,474,21384.7,45.12,21.82,6,0.76,89.0,769.34
FR-0282,2024-12-03,West India,Road (Truck),1079,7347,424,24990.75,58.94,23.16,6,2.24,87.2,951.29
FR-0283,2024-05-30,South India,Air Freight,416,4618,337,23453.55,69.6,56.38,1,0.19,79.2,1152.65
FR-0284,2024-03-27,West India,Air Freight,426,8717,122,40669.42,333.36,95.47,1,0.36,98.4,2228.07
FR-0285,2024-05-31,South India,Road (Truck),179,1430,752,708.75,0.94,3.96,3,0.63,91.6,30.72
FR-0286,2024-03-29,West India,Road (Mini-Truck),247,9269,507,8366.34,16.5,33.87,3,0.9,72.9,343.42
FR-0287,2024-12-04,West India,3PL Partner,572,10292,563,17143.23,30.45,29.97,2,0.71,82.2,765.31
FR-0288,2024-09-20,South India,Rail Freight,57,11729,100,811.0,8.11,14.23,4,2.08,90.2,26.74
FR-0289,2024-10-31,Central India,Rail Freight,924,8405,310,9482.66,30.59,10.26,7,1.87,97.3,310.65
FR-0290,2024-08-29,South India,Road (Mini-Truck),1152,3060,628,10927.53,17.4,9.49,1,1.05,87.9,528.77
FR-0291,2024-07-12,East India,Road (Truck),859,11265,72,29996.08,416.61,34.92,5,1.48,98.9,1161.2
FR-0292,2024-04-19,East India,Air Freight,827,961,511,10605.88,20.76,12.82,1,0.44,98.8,476.85
FR-0293,2024-05-12,North India,Rail Freight,596,9775,589,7746.35,13.15,13.0,8,0.23,78.8,233.04
FR-0294,2024-03-09,West India,Air Freight,1139,8816,124,141829.62,1143.79,124.52,1,0.27,89.3,6024.85
FR-0295,2024-03-20,Central India,Road (Mini-Truck),242,1442,631,1380.65,2.19,5.71,1,1.24,89.5,52.34
FR-0296,2024-07-07,East India,Road (Mini-Truck),631,2228,663,4830.77,7.29,7.66,1,0.24,79.4,210.88
FR-0297,2024-01-01,North India,Road (Truck),1038,2552,688,6816.24,9.91,6.57,4,0.99,75.7,317.88
FR-0298,2024-06-10,West India,3PL Partner,269,2351,580,2232.42,3.85,8.3,2,0.2,94.1,82.21
FR-0299,2024-08-10,Central India,Road (Truck),418,11674,539,16471.93,30.56,39.41,5,1.06,86.3,585.57
FR-0300,2024-07-25,East India,Road (Mini-Truck),725,3004,112,6674.5,59.59,9.21,2,0.14,77.4,326.69
FR-0301,2024-10-01,West India,Rail Freight,426,8349,61,5442.55,89.22,12.78,9,0.32,84.3,142.27
FR-0302,2024-10-05,East India,3PL Partner,134,4745,381,2319.18,6.09,17.31,2,0.41,77.2,82.66
FR-0303,2024-05-07,Central India,Air Freight,742,4027,722,44598.85,61.77,60.11,1,0.3,97.0,1792.82
FR-0304,2024-06-24,Central India,Road (Mini-Truck),1171,4120,333,14775.67,44.37,12.62,4,1.16,87.0,723.68
FR-0305,2024-10-14,South India,Road (Mini-Truck),625,1608,595,3862.14,6.49,6.18,3,2.48,78.0,150.75
FR-0306,2024-08-19,South India,Road (Truck),1139,11502,175,38130.1,217.89,33.48,3,2.21,92.5,1572.09
FR-0307,2024-01-27,West India,Rail Freight,871,3666,459,4137.32,9.01,4.75,8,0.86,94.5,127.72
FR-0308,2024-07-13,North India,Road (Mini-Truck),732,5254,164,13215.37,80.58,18.05,2,0.63,75.3,576.89
FR-0309,2024-10-24,North India,3PL Partner,293,10337,382,10373.47,27.16,35.4,4,1.42,96.5,393.74
FR-0310,2024-09-05,North India,Air Freight,854,9365,433,82388.65,190.27,96.47,1,0.11,80.1,4798.63
FR-0311,2024-05-01,West India,3PL Partner,1107,10830,785,41350.18,52.68,37.35,4,1.55,90.9,1558.55
FR-0312,2024-02-19,North India,Road (Truck),537,9018,159,16050.94,100.95,29.89,4,2.46,87.5,581.12
FR-0313,2024-02-22,Central India,3PL Partner,211,4862,332,3574.17,10.77,16.94,5,2.5,97.1,133.36
FR-0314,2024-05-28,West India,Road (Truck),1100,7421,258,25303.0,98.07,23.0,2,0.01,80.6,979.57
FR-0315,2024-05-30,East India,3PL Partner,1076,9788,686,29227.64,42.61,27.16,5,0.44,94.8,1369.15
FR-0316,2024-11-02,North India,3PL Partner,853,1090,88,3603.55,40.95,4.22,2,2.19,94.8,120.87
FR-0317,2024-07-16,West India,Rail Freight,1092,7650,223,12407.92,55.64,11.36,5,1.24,78.3,334.15
FR-0318,2024-03-24,Central India,Road (Truck),763,8531,572,19406.91,33.93,25.44,6,0.73,88.4,781.1
FR-0319,2024-05-14,East India,Road (Mini-Truck),939,6610,351,20190.09,57.52,21.5,3,2.29,96.0,931.02
FR-0320,2024-06-25,East India,Road (Truck),1027,8708,735,27152.99,36.94,26.44,2,0.81,79.7,1073.17
FR-0321,2024-10-03,North India,Road (Truck),604,3791,678,5831.28,8.6,9.65,2,2.4,97.3,274.77
FR-0322,2024-03-25,North India,Road (Mini-Truck),500,4963,768,9802.05,12.76,19.6,3,1.03,90.1,372.22
FR-0323,2024-03-08,East India,Rail Freight,170,1136,561,326.33,0.58,1.92,8,0.28,91.9,7.72
FR-0324,2024-03-27,North India,Rail Freight,174,9505,755,2087.23,2.76,12.0,6,0.22,97.1,66.15
FR-0325,2024-09-01,South India,3PL Partner,974,2502,501,6890.46,13.75,7.07,3,0.79,74.7,316.8
FR-0326,2024-01-10,South India,Road (Truck),817,2341,330,6517.42,19.75,7.98,4,0.26,76.6,229.51
FR-0327,2024-05-09,North India,Road (Mini-Truck),388,3956,447,6365.37,14.24,16.41,3,1.35,96.6,230.24
FR-0328,2024-09-28,South India,Air Freight,370,857,312,3548.96,11.37,9.59,1,0.19,77.4,190.25
FR-0329,2024-02-12,Central India,3PL Partner,1111,7050,715,24171.29,33.81,21.76,4,2.41,78.0,1018.23
FR-0330,2024-08-01,Central India,3PL Partner,99,5336,381,1997.6,5.24,20.18,3,0.57,93.4,68.67
FR-0331,2024-09-21,West India,Road (Truck),503,11262,71,18229.51,256.75,36.24,3,0.9,82.1,679.77
FR-0332,2024-05-06,West India,Road (Truck),56,6239,497,904.98,1.82,16.16,5,0.13,79.9,41.93
FR-0333,2024-09-27,South India,Air Freight,1036,5575,371,84841.3,228.68,81.89,1,0.13,79.2,3465.42
FR-0334,2024-04-11,South India,Rail Freight,302,7194,548,3320.18,6.06,10.99,6,0.91,95.2,86.9
FR-0335,2024-07-13,East India,3PL Partner,593,11129,360,22743.72,63.18,38.35,2,2.27,84.1,857.93
FR-0336,2024-03-25,East India,3PL Partner,85,5696,428,1784.99,4.17,21.0,2,1.45,95.0,62.94
FR-0337,2024-08-01,South India,Rail Freight,760,5141,639,6177.04,9.67,8.13,8,2.44,84.3,156.29
FR-0338,2024-11-28,East India,Road (Mini-Truck),691,3552,67,8813.37,131.54,12.75,2,2.44,95.6,368.16
FR-0339,2024-04-28,Central India,3PL Partner,219,5006,557,3426.58,6.15,15.65,2,2.21,92.5,142.52
FR-0340,2024-12-26,Central India,3PL Partner,89,2546,769,796.95,1.04,8.95,4,0.77,90.0,29.46
FR-0341,2024-11-19,Central India,Rail Freight,375,6428,213,3967.33,18.63,10.58,4,1.71,75.0,96.42
FR-0342,2024-04-14,North India,3PL Partner,240,9542,245,8288.91,33.83,34.54,2,1.05,73.8,297.71
FR-0343,2024-11-19,South India,3PL Partner,742,1095,462,2973.41,6.44,4.01,5,2.27,90.0,105.62
FR-0344,2024-01-26,South India,3PL Partner,1029,714,139,2904.16,20.89,2.82,3,1.67,81.4,95.51
FR-0345,2024-04-25,North India,Air Freight,552,8019,102,60730.64,595.4,110.02,1,0.04,72.5,2655.89
FR-0346,2024-05-27,South India,Rail Freight,650,11154,66,9610.6,145.62,14.79,7,2.32,78.6,290.0
FR-0347,2024-03-03,North India,Rail Freight,116,6408,102,1260.41,12.36,10.87,8,0.29,84.0,29.73
FR-0348,2024-09-15,West India,Air Freight,412,11565,742,66309.24,89.37,160.94,1,0.47,96.2,2858.87
FR-0349,2024-07-27,West India,Road (Mini-Truck),649,11252,275,22794.55,82.89,35.12,3,0.28,74.9,1095.38
FR-0350,2024-12-03,Central India,3PL Partner,664,6634,314,15335.35,48.84,23.1,5,1.43,81.6,572.65
FR-0351,2024-08-02,North India,Rail Freight,1064,7840,261,13760.97,52.72,12.93,7,0.53,85.4,333.67
FR-0352,2024-12-15,South India,3PL Partner,263,4511,342,4449.16,13.01,16.92,4,0.67,82.8,154.23
FR-0353,2024-04-09,Central India,Road (Mini-Truck),633,5210,659,10329.34,15.67,16.32,4,2.11,81.7,494.69
FR-0354,2024-01-07,Central India,Road (Mini-Truck),188,1380,416,1014.28,2.44,5.4,2,0.72,71.0,38.92
FR-0355,2024-06-16,West India,3PL Partner,932,937,732,3392.28,4.63,3.64,2,0.52,84.5,113.53
FR-0356,2024-05-23,West India,Road (Truck),813,5270,211,12042.37,57.07,14.81,6,0.45,89.8,514.14
FR-0357,2024-01-13,Central India,Road (Mini-Truck),635,2667,704,7127.56,10.12,11.22,1,0.23,70.1,254.03
FR-0358,2024-03-06,Central India,Road (Mini-Truck),643,7601,190,20599.82,108.42,32.04,1,0.61,74.6,733.12
FR-0359,2024-06-02,West India,3PL Partner,235,597,529,484.51,0.92,2.06,4,2.43,94.4,18.24
FR-0360,2024-01-25,Central India,Rail Freight,325,1801,300,939.95,3.13,2.89,9,0.51,88.7,23.41
FR-0361,2024-06-20,North India,Road (Mini-Truck),117,3523,57,1619.01,28.4,13.84,4,2.3,95.6,61.83
FR-0362,2024-08-11,North India,Road (Truck),1123,10742,402,30070.62,74.8,26.78,2,0.88,90.6,1447.59
FR-0363,2024-08-20,North India,Road (Truck),395,7678,537,9680.29,18.03,24.51,3,0.42,79.8,363.94
FR-0364,2024-08-23,North India,3PL Partner,1019,4927,186,17125.17,92.07,16.81,2,2.31,75.3,652.68
FR-0365,2024-07-19,South India,Road (Mini-Truck),522,7143,117,11893.68,101.66,22.78,1,1.62,75.6,559.3
FR-0366,2024-05-10,West India,Air Freight,414,1620,331,8014.37,24.21,19.36,1,0.28,76.2,402.41
FR-0367,2024-09-26,North India,Rail Freight,601,10438,501,8270.38,16.51,13.76,4,2.32,79.7,250.93
FR-0368,2024-02-23,Central India,Road (Mini-Truck),911,6475,360,19885.24,55.24,21.83,2,2.42,97.5,884.81
FR-0369,2024-06-28,South India,Road (Mini-Truck),1194,10133,238,48333.43,203.08,40.48,1,0.01,97.2,1814.82
FR-0370,2024-04-29,Central India,Rail Freight,674,4271,656,4537.08,6.92,6.73,8,2.16,94.2,115.15
FR-0371,2024-05-16,West India,Air Freight,1098,8566,736,132803.29,180.44,120.95,1,0.33,73.3,5643.28
FR-0372,2024-08-10,South India,Road (Truck),363,7819,569,7190.22,12.64,19.81,3,1.96,90.7,340.6
FR-0373,2024-02-24,South India,Air Freight,556,5247,328,31464.32,95.93,56.59,1,0.17,96.0,1750.4
FR-0374,2024-04-29,South India,3PL Partner,455,8929,347,12900.26,37.18,28.35,5,1.61,95.4,528.15
FR-0375,2024-09-07,North India,Rail Freight,512,2268,254,1478.07,5.82,2.89,6,0.33,89.0,46.45
FR-0376,2024-06-11,West India,Road (Truck),458,8093,639,9275.9,14.52,20.25,5,0.76,70.5,444.79
FR-0377,2024-05-28,Central India,Road (Truck),420,3247,751,4286.47,5.71,10.21,3,1.66,87.2,163.65
FR-0378,2024-04-25,South India,Rail Freight,262,11989,287,3789.25,13.2,14.46,8,2.27,80.6,125.64
FR-0379,2024-10-05,North India,3PL Partner,442,548,315,707.08,2.24,1.6,5,0.14,93.6,31.49
FR-0380,2024-03-18,North India,Road (Mini-Truck),467,9486,187,15266.48,81.64,32.69,2,1.93,79.2,664.49
FR-0381,2024-12-18,North India,Air Freight,1008,7195,457,93571.78,204.75,92.83,1,0.02,89.1,4351.54
FR-0382,2024-08-07,North India,3PL Partner,895,5837,763,17671.28,23.16,19.74,5,1.56,94.7,679.13
FR-0383,2024-08-17,South India,Road (Truck),464,9952,791,14433.91,18.25,31.11,2,0.92,70.3,554.13
FR-0384,2024-08-29,South India,Road (Truck),823,686,295,1566.44,5.31,1.9,6,1.99,76.9,67.75
FR-0385,2024-04-13,South India,Air Freight,281,3918,767,14303.77,18.65,50.9,1,0.06,89.4,660.57
FR-0386,2024-06-07,Central India,Rail Freight,1062,6481,478,10126.98,21.19,9.54,5,1.75,74.3,275.31
FR-0387,2024-06-06,East India,Air Freight,787,7349,584,75518.56,129.31,95.96,1,0.04,84.5,3470.2
FR-0388,2024-09-02,East India,Road (Truck),444,6694,335,8627.93,25.76,19.43,5,0.24,83.5,356.66
FR-0389,2024-04-14,West India,3PL Partner,235,4994,722,3885.11,5.38,16.53,5,0.34,82.3,152.57
FR-0390,2024-06-17,North India,Rail Freight,102,9481,525,1637.27,3.12,16.05,8,1.81,93.7,38.68
FR-0391,2024-08-10,Central India,Rail Freight,1165,5729,650,10557.6,16.24,9.06,7,2.22,94.1,266.97
FR-0392,2024-11-10,East India,Air Freight,226,4708,541,15126.1,27.96,66.93,1,0.39,93.0,638.4
FR-0393,2024-07-07,North India,Rail Freight,206,8737,489,2401.65,4.91,11.66,6,2.26,73.7,71.99
FR-0394,2024-02-16,Central India,Rail Freight,469,2691,574,1975.67,3.44,4.21,8,1.15,97.6,50.48
FR-0395,2024-07-07,South India,Rail Freight,856,9189,572,12143.9,21.23,14.19,9,1.76,73.7,314.63
FR-0396,2024-07-15,Central India,Air Freight,92,671,246,666.27,2.71,7.24,1,0.45,96.4,37.04
FR-0397,2024-07-06,East India,3PL Partner,225,1527,152,1144.83,7.53,5.09,5,2.08,76.5,44.66
FR-0398,2024-11-09,Central India,Road (Truck),477,5041,553,7133.85,12.9,14.96,6,0.22,81.2,288.55
FR-0399,2024-10-29,Central India,3PL Partner,1003,3311,613,11848.38,19.33,11.81,4,0.58,79.4,431.72
FR-0400,2024-03-11,North India,Air Freight,211,9630,515,24680.0,47.92,116.97,1,0.4,87.5,1219.16
